{"cameraMode":{"drawMode":0,"name":"Shaded","section":"Shading Mode"},"sceneLighting":true,"audioPlay":false,"sceneViewState":{"showFog":true,"showMaterialUpdate":false,"showSkybox":true,"showFlares":true,"showImageEffects":true,"showParticleSystems":true},"in2DMode":false,"pivot":{"x":-114.47607421875,"y":-1.3427734375,"z":7.50390625},"rotation":{"x":0.06415846198797226,"y":-0.09565336257219315,"z":0.006178207695484161,"w":0.9933263063430786},"size":18.73556900024414,"orthographic":true}